id,user_id,age_range_min,age_range_max,gender_preference,max_travel_distance,frequency,preferred_days,preferred_time_slots,venue_types,created_at,updated_at
fc37d2e1-4b21-491e-813c-8577066a6f5c,5aaa3387-bd71-4bb5-b9f8-09d86dcc3756,48,65,"{prefer_not_to_say}",30,daily,"{1,2,3,4,5}","{morning}","{paid_facility,private_club,home_court}",2025-09-07T14:41:36.376Z,2025-09-07T14:41:36.376Z
a1e7c1f9-4487-4893-af11-7526369435e3,08aa1e35-e29e-40f1-a043-0eeda8af9fda,18,41,"{male}",20,1_2_per_week,"{7,1,2,3}","{evening}","{paid_facility}",2025-09-07T14:41:36.376Z,2025-09-07T14:41:36.376Z
d5ad6237-3423-4272-a53f-50ed8300599f,7940816b-7713-4a29-829e-f175fd50bd24,37,50,"{male}",15,flexible,"{6,4}","{morning,afternoon}","{paid_facility}",2025-09-07T14:41:36.376Z,2025-09-07T14:41:36.376Z
e7ce300f-8074-40a4-9f68-787e089b65a2,cc56c46f-aa1a-4367-bce4-6344f707fbee,48,65,"{male}",25,1_2_per_week,"{6,3,4,2}","{morning}","{public_free}",2025-09-07T14:41:36.377Z,2025-09-07T14:41:36.377Z
4d521f4f-b045-4a0b-b3aa-97329b8005df,4b0e3ee7-a4cb-4e3d-94d0-e2398e6a9f17,21,45,"{prefer_not_to_say}",25,3_4_per_week,"{4,3,6,2}","{evening}","{public_free,home_court}",2025-09-07T14:41:36.377Z,2025-09-07T14:41:36.377Z
0c5727cd-a40b-4365-902a-7c792013d15e,a79b0089-0d20-49e6-9fa7-4f80249ee85c,26,37,"{male,female}",25,3_4_per_week,"{1,4,2}","{morning,afternoon}","{public_free,private_club,home_court}",2025-09-07T14:41:36.377Z,2025-09-07T14:41:36.377Z
4c47afe7-c9ac-4c4e-962a-09b42116b222,0f0845fc-46e3-489d-a0bd-d776d6de46f5,18,37,"{male}",25,1_2_per_week,"{1,2}","{evening,morning,afternoon}","{home_court}",2025-09-07T14:41:36.377Z,2025-09-07T14:41:36.377Z
ad402c49-6105-4e8f-9da6-8bff8c4adb52,92196be7-ed68-48b0-ae8e-0af7d9a49b2f,33,54,"{prefer_not_to_say}",20,1_2_per_week,"{6,7,5,3,2}","{evening,afternoon}","{home_court,paid_facility}",2025-09-07T14:41:36.377Z,2025-09-07T14:41:36.377Z
1c4759ab-6914-410e-b473-9d60acf6883b,e322b87f-d248-4b93-ae59-67369983974d,50,65,"{prefer_not_to_say,male}",15,flexible,"{6,3,7,1}","{evening,afternoon,morning}","{private_club}",2025-09-07T14:41:36.377Z,2025-09-07T14:41:36.377Z
8120239a-a60e-499b-aac1-995e03a117a2,d873faa5-f38d-450d-b976-3bbfdaff85f6,55,65,"{female}",5,3_4_per_week,"{6,4,2,7,5}","{afternoon}","{home_court,public_free,private_club}",2025-09-07T14:41:36.378Z,2025-09-07T14:41:36.378Z
b2900c77-2e6d-46e6-9ce0-a1b326fb723b,a174d5eb-b46c-42ef-92f3-caf05a535fec,29,45,"{prefer_not_to_say}",15,3_4_per_week,"{1,6,2,4,5}","{evening}","{private_club}",2025-09-07T14:41:36.378Z,2025-09-07T14:41:36.378Z
a3322346-0283-461d-a6ab-744b1e9b974e,528a0621-f720-4439-8c9a-b252362a4981,40,62,"{male}",25,flexible,"{3,7,1}","{evening,afternoon}","{private_club}",2025-09-07T14:41:36.378Z,2025-09-07T14:41:36.378Z
20ff6f1a-7c43-4e5b-b3c1-02289d239d4c,49f08e87-997e-4f6b-b2a2-ebaa96c48835,32,56,"{male,female}",10,3_4_per_week,"{4,5,2,6}","{morning}","{home_court}",2025-09-07T14:41:36.378Z,2025-09-07T14:41:36.378Z
3bb12231-588b-4813-93a4-c0baa5d21f39,1cbca0a2-bb1e-4471-9177-df18b014f325,30,57,"{non_binary}",25,3_4_per_week,"{7,1}","{evening,afternoon}","{private_club}",2025-09-07T14:41:36.378Z,2025-09-07T14:41:36.378Z
9fa57cd5-4e44-4af0-a374-644a052df6b6,0538cac8-e1a0-40ca-9c13-95f84748e8b4,47,65,"{non_binary,prefer_not_to_say}",5,daily,"{1,2,3}","{morning,afternoon,evening}","{public_free,private_club,paid_facility}",2025-09-07T14:41:36.378Z,2025-09-07T14:41:36.378Z
3c7ab48a-bf73-478a-acfb-efe73cc7ab09,de410eb1-e817-4355-aac7-e135d568f43d,53,65,"{non_binary,prefer_not_to_say}",5,daily,"{5,4,6,2}","{morning,afternoon}","{home_court}",2025-09-07T14:41:36.378Z,2025-09-07T14:41:36.378Z
96d92b22-5c35-40f7-b815-ac5972c4af60,94decb5a-070c-403f-a5ff-bc0997786eaf,18,34,"{male}",15,flexible,"{1,4,5,7,2}","{evening,afternoon,morning}","{home_court}",2025-09-07T14:41:36.378Z,2025-09-07T14:41:36.378Z
f1ec618d-66e4-4de4-9d25-24b086d3f709,02230c57-e028-453c-b47b-97cdb80e3720,34,50,"{prefer_not_to_say}",20,flexible,"{1,2,3,7,4}","{morning,afternoon,evening}","{public_free}",2025-09-07T14:41:36.378Z,2025-09-07T14:41:36.378Z
0263f321-e271-4f61-8080-b656f8d6b9a4,4fbb6fac-ed32-462f-be35-28a288246003,26,43,"{non_binary}",5,3_4_per_week,"{3,2,5,1}","{morning,afternoon,evening}","{public_free,home_court}",2025-09-07T14:41:36.378Z,2025-09-07T14:41:36.378Z
44920380-0f2b-4d1c-9115-413f0fe3de25,f986b8ac-4298-46f4-9bed-6bf798f61301,44,65,"{non_binary,female}",10,1_2_per_week,"{1,7,2,4,5}","{evening,afternoon}","{home_court,public_free}",2025-09-07T14:41:36.378Z,2025-09-07T14:41:36.378Z
7dff2cea-e06a-4b26-a7ba-3979dead495a,03f9406f-92e1-40b7-be6c-a1dc51d2528b,30,59,"{prefer_not_to_say,female}",5,3_4_per_week,"{1,7}","{evening,afternoon}","{home_court,paid_facility}",2025-09-07T14:41:36.379Z,2025-09-07T14:41:36.379Z
82e96f06-e386-4a78-82b9-a46e9d2b3b93,30ef6a05-eb6e-4421-a328-37598122ef8a,40,60,"{prefer_not_to_say}",5,3_4_per_week,"{1,5}","{morning}","{home_court}",2025-09-07T14:41:36.379Z,2025-09-07T14:41:36.379Z
f8598df1-5d1e-475d-b064-eabbebc94aaa,b727c1ac-db54-47cb-83fa-345a915ca406,32,59,"{prefer_not_to_say}",20,daily,"{1,2}","{afternoon,evening,morning}","{private_club,paid_facility,home_court}",2025-09-07T14:41:36.379Z,2025-09-07T14:41:36.379Z
c859c154-15a1-484c-a544-55747826e1c5,a2ab80b7-147b-4e7a-a457-568082496a68,21,35,"{female,non_binary}",25,flexible,"{1,6,5}","{morning,afternoon}","{public_free,home_court}",2025-09-07T14:41:36.379Z,2025-09-07T14:41:36.379Z
8a3c75f2-58d9-4dc3-bfb6-d9e26ccdc5fb,74c9bd9d-1d2b-4aaf-a6f4-82ff2a03d80d,18,24,"{prefer_not_to_say,non_binary}",5,flexible,"{3,5,7,4,2}","{evening}","{home_court,paid_facility}",2025-09-07T14:41:36.379Z,2025-09-07T14:41:36.379Z
cef1d78c-2686-409b-96c6-6628b496fad9,5ff2dd20-45a7-48fc-8c8f-7afd5e512998,36,59,"{prefer_not_to_say,non_binary}",5,flexible,"{4,2,6}","{evening,afternoon}","{public_free}",2025-09-07T14:41:36.379Z,2025-09-07T14:41:36.379Z
fa45455f-0efe-4555-b93d-766716ad058f,aea1cadb-cea5-42de-b505-bf2ccdab9b95,50,65,"{prefer_not_to_say,non_binary}",10,3_4_per_week,"{6,4,5,3}","{evening}","{home_court,paid_facility}",2025-09-07T14:41:36.379Z,2025-09-07T14:41:36.379Z
ddfb0f02-59a3-47ab-885d-9da2487dc5e8,8db54a3c-81ed-4d63-849b-f6fde268209f,39,63,"{male,female}",30,daily,"{4,3,7,6,2}","{afternoon,morning}","{public_free}",2025-09-07T14:41:36.379Z,2025-09-07T14:41:36.379Z
adb53439-f5f6-4134-9ae3-ff29c1e3e033,766e18b5-6f5d-436c-9847-436df7f0e416,18,35,"{non_binary,female}",30,3_4_per_week,"{3,2,1}","{evening,afternoon,morning}","{public_free,private_club}",2025-09-07T14:41:36.379Z,2025-09-07T14:41:36.379Z
86ec682d-26f1-440e-a472-00984a1c6051,85c9ace2-d36c-4163-94e1-7a44991b0ad1,57,65,"{prefer_not_to_say,non_binary}",10,daily,"{6,3}","{evening}","{home_court,private_club}",2025-09-07T14:41:36.379Z,2025-09-07T14:41:36.379Z
1d0adc58-677f-4d6f-ae04-ff250792eb55,d71e0c36-b485-4f45-9031-4cb3301356c0,25,39,"{prefer_not_to_say}",25,flexible,"{6,7,5}","{evening,afternoon}","{home_court,paid_facility,private_club}",2025-09-07T14:41:36.379Z,2025-09-07T14:41:36.379Z
50c5c8ac-57f1-49d1-ad48-068162a23db4,9e945419-5cba-4e8f-8afa-c4b2495bef7f,39,57,"{female}",15,flexible,"{1,7}","{morning,evening}","{private_club}",2025-09-07T14:41:36.379Z,2025-09-07T14:41:36.379Z
d275e907-a805-4d16-9a96-c0030170633a,b82aa9be-a814-46e7-9420-f57bf42b2052,37,54,"{prefer_not_to_say,female}",5,flexible,"{4,3,2,1}","{morning,evening,afternoon}","{private_club,public_free}",2025-09-07T14:41:36.379Z,2025-09-07T14:41:36.379Z
b895cde9-e49f-454e-952f-0ef04f417592,a6c73256-8e16-4dcf-bcef-b2a747ef39ab,49,65,"{non_binary,male}",25,daily,"{7,1}","{evening,morning}","{public_free,private_club,paid_facility}",2025-09-07T14:41:36.379Z,2025-09-07T14:41:36.379Z
c7e66bc6-37ff-4804-a596-efb0e7d2d203,6071b3ea-0e8d-479f-87ed-77a1fb115646,38,61,"{non_binary}",5,1_2_per_week,"{6,4,5}","{morning,evening,afternoon}","{private_club,paid_facility,public_free}",2025-09-07T14:41:36.379Z,2025-09-07T14:41:36.379Z
4d5cf3d9-e38b-4faf-9061-75fe7bd90507,7ae4ad45-c73f-42c6-97f8-a375e05e3cc8,46,65,"{female,male}",25,daily,"{3,6,4}","{evening}","{public_free}",2025-09-07T14:41:36.379Z,2025-09-07T14:41:36.379Z
9725da93-cd48-4fbc-a83f-29574ce60cf8,00384442-3560-4756-bf54-7a2b8c46836f,25,37,"{female}",30,flexible,"{7,3,5,4,6}","{morning,afternoon}","{public_free,paid_facility,home_court}",2025-09-07T14:41:36.380Z,2025-09-07T14:41:36.380Z
2ae0017a-ac60-48f9-b8b2-f404f7245acb,2f7fe584-c1af-4218-a0b0-fdc4322cf888,38,57,"{male}",15,daily,"{3,4,1}","{morning}","{public_free,private_club}",2025-09-07T14:41:36.380Z,2025-09-07T14:41:36.380Z
06c34d87-2f84-4693-bb22-d9c47b0b5f0a,8a428c24-d62f-40fa-92dc-cd21c135bbdb,26,41,"{prefer_not_to_say}",15,flexible,"{1,2,3,4,5}","{morning}","{paid_facility,private_club}",2025-09-07T14:41:36.380Z,2025-09-07T14:41:36.380Z
7e731879-680d-4c17-b780-2e98923b564a,c288b216-175d-458c-bb07-89a0db0edae4,48,65,"{male,female}",15,3_4_per_week,"{3,6,2,5}","{evening,afternoon}","{private_club,home_court,public_free}",2025-09-07T14:41:36.380Z,2025-09-07T14:41:36.380Z
8c2b59e3-b727-4a0a-b5b3-e607a7a7c1c7,f941ff7e-168c-47d0-9484-42aa1b7dae7a,22,44,"{female}",10,daily,"{1,2,3,6,7}","{evening,afternoon}","{home_court}",2025-09-07T14:41:36.380Z,2025-09-07T14:41:36.380Z
45bff4c0-1480-4c56-b75d-5679bcebdf4c,9f2791bd-3386-4efe-b24f-2973ca1d246b,53,65,"{prefer_not_to_say,non_binary}",25,3_4_per_week,"{1,6,3}","{afternoon,morning}","{public_free,home_court,private_club}",2025-09-07T14:41:36.380Z,2025-09-07T14:41:36.380Z
b9521f7b-a9f3-422a-92f3-9ed70c1e084e,d93a60b3-0195-4a9b-be82-ef847d0e8e21,53,65,"{female}",30,daily,"{6,7,1,2,3}","{evening}","{private_club,paid_facility}",2025-09-07T14:41:36.380Z,2025-09-07T14:41:36.380Z
039be2da-b6ab-4afc-91ad-42adea597c69,cdf462db-69b8-4585-99b3-e67862d2ceab,23,47,"{male}",25,flexible,"{2,6,7}","{morning,afternoon,evening}","{private_club}",2025-09-07T14:41:36.380Z,2025-09-07T14:41:36.380Z
8f3f0a5b-5b77-40f9-93b1-bfbe0e6e5da6,169771dd-7317-4f34-9120-42b7dbd9f1a5,21,40,"{prefer_not_to_say}",10,1_2_per_week,"{6,7,1,4,2}","{morning,afternoon,evening}","{home_court,public_free}",2025-09-07T14:41:36.380Z,2025-09-07T14:41:36.380Z
2f9c06ce-af7e-462a-8fe4-3c2ba9b5ca72,e8f4574d-b373-4878-8333-cac82e79116e,34,59,"{prefer_not_to_say}",5,1_2_per_week,"{1,7,5}","{morning,afternoon,evening}","{home_court,paid_facility}",2025-09-07T14:41:36.380Z,2025-09-07T14:41:36.380Z
922f611e-72b5-477a-a33a-ab00340c541c,89afac17-4bf8-4f95-86e6-1a978682fd31,48,65,"{female}",15,3_4_per_week,"{4,5,2}","{afternoon,morning,evening}","{private_club,paid_facility,public_free}",2025-09-07T14:41:36.380Z,2025-09-07T14:41:36.380Z
e7e0d56c-eeb2-40df-832a-78ed80172eec,0403d350-f692-417b-9889-ce94335d27db,42,59,"{non_binary,female}",20,1_2_per_week,"{5,6,4}","{morning,afternoon}","{home_court}",2025-09-07T14:41:36.380Z,2025-09-07T14:41:36.380Z
bd1c778a-72f0-4b29-a3e4-1135a0e62082,73774116-59db-40ca-b1ea-23761ded08fe,18,24,"{prefer_not_to_say,non_binary}",25,1_2_per_week,"{1,4,2,3,5}","{morning,afternoon}","{paid_facility,home_court,private_club}",2025-09-07T14:41:36.380Z,2025-09-07T14:41:36.380Z
ab62682e-0f08-4145-b2fb-52e4a965fd18,3e5fa028-4765-4728-9cb9-2eb83e0f2543,18,29,"{male,non_binary}",20,daily,"{1,2,3,4}","{afternoon}","{public_free,home_court,paid_facility}",2025-09-07T14:41:36.380Z,2025-09-07T14:41:36.380Z
61e84aa6-2326-4530-aeb8-af9c0b375d1d,c063ac4a-8c24-4b19-b28d-9e8ddd592601,45,65,"{male,female}",15,flexible,"{3,2,5,6,1}","{morning,afternoon,evening}","{public_free}",2025-09-07T14:41:36.381Z,2025-09-07T14:41:36.381Z
022f0755-fcba-4799-8211-1a9ac7d6f02f,0195e3fd-42d7-4c2f-9515-f115d6b529df,44,65,"{non_binary,prefer_not_to_say}",5,3_4_per_week,"{4,3}","{morning,afternoon}","{paid_facility}",2025-09-07T14:41:36.381Z,2025-09-07T14:41:36.381Z
f4efe2fb-39d6-4929-99d6-f3cd3994c59b,3d39a2d7-a901-4a8f-a6fb-a093e13a3981,46,65,"{prefer_not_to_say}",20,3_4_per_week,"{3,2,6,4,5}","{morning,afternoon}","{home_court}",2025-09-07T14:41:36.381Z,2025-09-07T14:41:36.381Z
02635ea4-a17c-4bf7-b049-3b63da6f0917,eac32570-bafb-41bf-95e8-2125618895a8,48,65,"{male,female}",15,flexible,"{6,5,2,4}","{evening,afternoon}","{home_court,paid_facility}",2025-09-07T14:41:36.381Z,2025-09-07T14:41:36.381Z
04d2378f-81c0-4770-afd5-206f1acf6a33,4d04eb22-4989-41a4-a70b-54a500f00e60,38,55,"{prefer_not_to_say,female}",15,3_4_per_week,"{1,5}","{evening}","{home_court,public_free}",2025-09-07T14:41:36.381Z,2025-09-07T14:41:36.381Z
72bdb366-3e16-4f90-bf53-15d0cb877a03,1a7ebcc2-ea55-4025-8e0f-e3f696c8daf2,18,37,"{prefer_not_to_say,non_binary}",30,daily,"{4,1,2,3}","{afternoon}","{public_free,private_club}",2025-09-07T14:41:36.381Z,2025-09-07T14:41:36.381Z
c0ae6517-d27d-411f-ac71-689989ae8351,69019494-6f05-40f4-be89-1a9420856d25,35,51,"{male}",20,flexible,"{3,7,5,4}","{morning}","{public_free,home_court,private_club}",2025-09-07T14:41:36.381Z,2025-09-07T14:41:36.381Z
218a45cc-67c7-40ab-8405-0672d309ba28,401685ba-f560-4d0b-bb7e-aace3458f2c6,51,63,"{male,female}",10,1_2_per_week,"{5,4,1}","{afternoon,morning}","{public_free}",2025-09-07T14:41:36.381Z,2025-09-07T14:41:36.381Z
b4be4f1b-e43c-4f36-8679-942db7b968b3,4ebdbff2-efd5-4490-be64-52a325aa2e16,23,44,"{prefer_not_to_say}",5,3_4_per_week,"{7,4,3,2}","{morning,afternoon,evening}","{home_court,paid_facility}",2025-09-07T14:41:36.381Z,2025-09-07T14:41:36.381Z
483f22a7-d2d4-4ad1-9541-5bc80456e95a,e821f8b5-ea75-41c1-bc23-33da6263b7c2,33,57,"{prefer_not_to_say}",25,1_2_per_week,"{6,1}","{morning,afternoon,evening}","{public_free,private_club,paid_facility}",2025-09-07T14:41:36.381Z,2025-09-07T14:41:36.381Z
1e7c8652-9846-4ffc-8973-243001001f9a,bedc81b7-dfa1-4f27-9d98-1d35fc2de1dc,35,55,"{non_binary,prefer_not_to_say}",25,flexible,"{5,4,3,2}","{afternoon,morning,evening}","{home_court}",2025-09-07T14:41:36.381Z,2025-09-07T14:41:36.381Z
a79f01cc-1ffa-4d6d-8100-35bab62b9203,b4b4ff42-ef00-413d-be38-1805f3cd7f9b,33,54,"{prefer_not_to_say}",10,1_2_per_week,"{4,3,1}","{morning,afternoon}","{home_court,paid_facility}",2025-09-07T14:41:36.381Z,2025-09-07T14:41:36.381Z
80ea4cf2-0b8e-4340-b282-ac111a7214c0,02ccbe3b-7178-4fb4-8fc0-4683e28663d7,54,65,"{male}",5,3_4_per_week,"{5,4,3,2}","{morning,afternoon}","{public_free}",2025-09-07T14:41:36.381Z,2025-09-07T14:41:36.381Z
4b1542e3-c0dd-43ae-bec0-afbdd5ff5f02,d790781e-0bd4-4cec-8eec-34b5a2388adf,18,32,"{non_binary}",20,1_2_per_week,"{3,7,2,6}","{morning}","{public_free,private_club,paid_facility}",2025-09-07T14:41:36.381Z,2025-09-07T14:41:36.381Z
33ebc9ca-6b54-45d4-8115-095de23a25f3,a133ca9f-4180-444d-9bd7-87ad7448254f,18,34,"{male}",15,flexible,"{1,7,4,2}","{evening}","{public_free,private_club,home_court}",2025-09-07T14:41:36.381Z,2025-09-07T14:41:36.381Z
f8d3aaeb-9a26-47bb-be6f-bc4d8b63c938,bc19ddaa-ce27-44e0-8c3d-ae07d9ddc78f,35,54,"{prefer_not_to_say,non_binary}",15,flexible,"{1,6}","{afternoon,morning}","{private_club,public_free}",2025-09-07T14:41:36.381Z,2025-09-07T14:41:36.381Z
20b8db8b-06d5-4820-9219-e78f2dcdb133,afdc58a8-5631-4583-815c-300ab47e5897,41,63,"{male,female}",5,daily,"{4,3,2,5,1}","{morning,afternoon,evening}","{paid_facility,private_club}",2025-09-07T14:41:36.382Z,2025-09-07T14:41:36.382Z
0ebd8f73-339f-404e-9f3c-3d17fcfbb0bd,34dfa7a1-6aa2-4f99-8e78-ebb451106849,31,50,"{male}",5,flexible,"{1,2,7,3,4}","{morning,afternoon}","{home_court,paid_facility,private_club}",2025-09-07T14:41:36.382Z,2025-09-07T14:41:36.382Z
4acaec14-5645-4430-9180-eba48b108ddc,2d802ffe-71ba-481a-87f8-23b1f0fb20e6,18,41,"{male}",5,3_4_per_week,"{5,4,3,2}","{evening,afternoon,morning}","{home_court}",2025-09-07T14:41:36.382Z,2025-09-07T14:41:36.382Z
1af43281-3bac-4e65-9ed6-ee6a0d3bca4b,d48ba5d6-ac34-4958-9ae4-bc37b28d4def,19,37,"{male,female}",15,1_2_per_week,"{3,6}","{afternoon}","{paid_facility}",2025-09-07T14:41:36.382Z,2025-09-07T14:41:36.382Z
0c0b3740-0bed-4323-a32f-1b1ee98e1577,036811c8-cef9-4939-9904-cacb12fbe0f7,35,59,"{male,female}",15,3_4_per_week,"{5,1,6,7}","{evening}","{paid_facility}",2025-09-07T14:41:36.382Z,2025-09-07T14:41:36.382Z
10982ed3-ad9e-40b0-8e34-d51703bbcef1,3058c191-416b-4aa4-99b6-0d4734ffa189,47,65,"{male}",25,1_2_per_week,"{7,4,3,5,2}","{morning,afternoon,evening}","{public_free}",2025-09-07T14:41:36.382Z,2025-09-07T14:41:36.382Z
9c7c1fca-144c-440c-baf2-5a2b0649eb63,53cc6ab5-a913-47ba-930f-fa6c600e41f9,18,42,"{prefer_not_to_say,non_binary}",20,3_4_per_week,"{4,2,5}","{morning}","{public_free,paid_facility,private_club}",2025-09-07T14:41:36.382Z,2025-09-07T14:41:36.382Z
e83b8e93-a30a-400d-b3c9-9a9398757117,c814a39d-7520-47a4-aba8-9db4846d97be,37,54,"{prefer_not_to_say}",25,3_4_per_week,"{5,4,3,6,2}","{evening,afternoon}","{public_free,private_club}",2025-09-07T14:41:36.382Z,2025-09-07T14:41:36.382Z
23e993a9-0a05-4052-80d5-8e67994ac52d,f08edf69-a33b-43c3-bb46-975c1256d4c4,18,31,"{prefer_not_to_say,non_binary}",10,1_2_per_week,"{2,1,6,7}","{evening,morning}","{home_court,paid_facility}",2025-09-07T14:41:36.382Z,2025-09-07T14:41:36.382Z
e8d04de6-9422-4553-8a22-c39c7e6ede98,083a5466-d762-4ca5-a985-08a94dc8e74e,19,36,"{female}",20,daily,"{4,1,6,2}","{morning,afternoon}","{paid_facility,home_court,private_club}",2025-09-07T14:41:36.383Z,2025-09-07T14:41:36.383Z
13a75331-53ca-4329-ab93-a3d6a2313baf,9be962d1-d925-4f45-a461-45c06ca9d0c6,41,58,"{non_binary}",10,3_4_per_week,"{1,2,3,4,5}","{morning,afternoon,evening}","{public_free,private_club,paid_facility}",2025-09-07T14:41:36.383Z,2025-09-07T14:41:36.383Z
44b0daeb-781a-42a5-bcca-3dc0e70716b5,fe22a77c-aa2b-4da4-8ac8-a510f63e344b,47,65,"{non_binary,prefer_not_to_say}",15,daily,"{1,2}","{morning,afternoon}","{home_court}",2025-09-07T14:41:36.383Z,2025-09-07T14:41:36.383Z
f9b5331e-5be0-45ad-85f0-00d242db3985,87d2bed6-a6a2-49a6-b138-94ae952c522e,19,41,"{non_binary}",20,flexible,"{1,7,3,6}","{morning}","{home_court,paid_facility}",2025-09-07T14:41:36.383Z,2025-09-07T14:41:36.383Z
0481ca9e-5fda-46ec-9c77-3e39adcc0fcc,32686c6c-0c61-4358-a54a-7b313e5b2553,44,60,"{male}",10,3_4_per_week,"{1,2,7,3,6}","{evening,afternoon}","{public_free}",2025-09-07T14:41:36.383Z,2025-09-07T14:41:36.383Z
4fc932bc-e673-4ad6-a518-01ad74f60ed9,da15ed6d-de8d-4cde-9f87-41b05f610dca,30,48,"{female}",30,1_2_per_week,"{4,1,2,6,5}","{evening}","{public_free,private_club,paid_facility}",2025-09-07T14:41:36.383Z,2025-09-07T14:41:36.383Z
3f4d71f8-0d5d-47a7-bc25-b97a90e7ad44,d5b6e10e-3684-4338-8b58-e2930c70b8e9,31,44,"{non_binary,prefer_not_to_say}",10,flexible,"{7,6}","{morning,afternoon,evening}","{home_court,paid_facility}",2025-09-07T14:41:36.383Z,2025-09-07T14:41:36.384Z
ad6ede5d-fb67-4ae7-accc-d51148735f81,5b4c4c52-819c-461a-8a64-d36282e98b68,29,55,"{prefer_not_to_say,non_binary}",25,flexible,"{1,2}","{evening,afternoon}","{paid_facility,public_free}",2025-09-07T14:41:36.384Z,2025-09-07T14:41:36.384Z
099919b0-d558-4942-971e-0e1916c348c5,0dd416eb-1d06-44b7-a947-b8be5a541340,18,31,"{non_binary,male}",25,daily,"{1,4,3,5}","{evening,afternoon}","{home_court,paid_facility}",2025-09-07T14:41:36.384Z,2025-09-07T14:41:36.384Z
0190707d-773f-4ee2-a2db-28728d140806,20755036-98ac-4973-9087-027e91662b2b,45,64,"{male,female}",5,flexible,"{3,4,2,1,7}","{morning,afternoon}","{public_free}",2025-09-07T14:41:36.384Z,2025-09-07T14:41:36.384Z
5a4bb543-cb51-4de9-90d2-d39f0a995af2,b9fec924-b4b3-4c64-bdd8-70a14b18fade,47,65,"{prefer_not_to_say}",25,1_2_per_week,"{3,4,1,7}","{morning,afternoon}","{home_court,public_free}",2025-09-07T14:41:36.384Z,2025-09-07T14:41:36.384Z
fb6b0f1d-2a3d-4f59-a888-d4ed487eb79f,22ffd6ae-043a-4b1a-a12e-ce017d44f348,22,40,"{male}",10,daily,"{1,4}","{evening}","{home_court,paid_facility}",2025-09-07T14:41:36.384Z,2025-09-07T14:41:36.384Z
01077747-76e3-4d2f-9e10-59b8ea7778af,6447f971-f3e6-40db-a35f-324774d2a2e3,30,50,"{female}",10,3_4_per_week,"{4,1,5}","{afternoon,morning,evening}","{private_club,public_free}",2025-09-07T14:41:36.384Z,2025-09-07T14:41:36.384Z
861806a3-040d-4b88-88b7-95a30382f235,043d148b-bad1-4bb5-8beb-756188a33bc7,18,29,"{female}",15,daily,"{5,4,7}","{afternoon}","{public_free,paid_facility,home_court}",2025-09-07T14:41:36.384Z,2025-09-07T14:41:36.384Z
57785c03-4a67-41da-bb59-e3b50b0f58e8,d518b70d-c6fc-43b5-b5c4-badc51543134,25,47,"{male,prefer_not_to_say}",5,flexible,"{6,4,3}","{morning}","{home_court}",2025-09-07T14:41:36.384Z,2025-09-07T14:41:36.384Z
f80ec092-fb5f-4c26-8fde-8a87a2994eea,90a43391-9a5d-463e-8791-b4f7597fc7f9,44,61,"{prefer_not_to_say}",5,3_4_per_week,"{7,4,3,5}","{morning,afternoon,evening}","{home_court,public_free,private_club}",2025-09-07T14:41:36.384Z,2025-09-07T14:41:36.384Z
ad7ac964-b15f-416c-8b7c-c9c12fd427e0,ff5de945-137c-41e4-a49c-287fad6ace0e,45,65,"{prefer_not_to_say}",15,3_4_per_week,"{7,1}","{evening,morning}","{home_court,paid_facility,private_club}",2025-09-07T14:41:36.384Z,2025-09-07T14:41:36.384Z
87ac4ed8-4d68-4c6b-a5cd-f14e6b62ee8a,fa095bfe-792a-489c-851e-54f917a3f3cc,48,63,"{male}",15,1_2_per_week,"{7,4,5}","{afternoon,evening,morning}","{private_club}",2025-09-07T14:41:36.384Z,2025-09-07T14:41:36.384Z
48747da0-e7c2-4e0e-a799-eb5b2ad07f2c,1befe92e-7a98-484e-be60-40c4cd02e6ca,37,48,"{prefer_not_to_say,non_binary}",5,1_2_per_week,"{1,2,3}","{evening,afternoon}","{public_free,private_club}",2025-09-07T14:41:36.384Z,2025-09-07T14:41:36.384Z
7b9f329c-905d-440e-baec-3250920b8366,51085d76-e5ea-4b82-b3fa-4e3afb0df2b6,18,34,"{male}",5,flexible,"{1,2,3,5,6}","{evening,afternoon}","{public_free}",2025-09-07T14:41:36.384Z,2025-09-07T14:41:36.384Z
1a6d155b-9ed3-4356-992f-7e2bc655bb9e,1258b5a7-8b59-4f0c-ba6a-e00cc210aa80,37,47,"{female,prefer_not_to_say}",25,3_4_per_week,"{6,4,5}","{afternoon}","{paid_facility,private_club}",2025-09-07T14:41:36.384Z,2025-09-07T14:41:36.384Z
56587d6f-496d-4bbc-8c34-ce490c67c36e,68bb394d-d097-4465-9b83-6c746326021c,34,55,"{prefer_not_to_say,non_binary}",25,flexible,"{1,4,2,3}","{morning}","{paid_facility,private_club}",2025-09-07T14:41:36.384Z,2025-09-07T14:41:36.384Z
192af73d-aead-441e-828a-2e26cd5059b1,a971b672-e1db-4f21-90ab-ff013db167fc,33,56,"{male,female}",30,daily,"{2,5}","{evening,afternoon,morning}","{home_court,paid_facility}",2025-09-07T14:41:36.384Z,2025-09-07T14:41:36.384Z
c1035a40-e0bf-404a-84a0-a7d87a3ad2dd,846bd455-9937-40b2-9710-0d43501a98d6,23,38,"{prefer_not_to_say,non_binary}",5,3_4_per_week,"{7,1}","{afternoon}","{paid_facility,private_club}",2025-09-07T14:41:36.384Z,2025-09-07T14:41:36.384Z
4021ff5e-20ae-4741-83c1-b67f7e62d8b8,737cc986-a358-41df-8a11-90bcfa114cb7,34,53,"{male}",30,daily,"{2,1}","{evening}","{paid_facility,private_club}",2025-09-07T14:41:36.385Z,2025-09-07T14:41:36.385Z
e911f989-ab59-4696-8629-48203d631200,ddfa2694-ad4c-43a5-b655-2dc81ff22dc8,21,43,"{prefer_not_to_say,non_binary}",5,3_4_per_week,"{1,2,3}","{evening,afternoon,morning}","{home_court,paid_facility,private_club}",2025-09-07T14:41:36.385Z,2025-09-07T14:41:36.385Z
f92c8d55-aefb-4e0b-835e-266009a3fe7d,edfac060-40ef-45d1-8bb3-b081dabfa9e6,42,64,"{male,female}",25,3_4_per_week,"{3,1,5,4,2}","{evening,afternoon}","{public_free,private_club,paid_facility}",2025-09-07T14:41:36.385Z,2025-09-07T14:41:36.385Z
9e2a5e2a-ae30-44e7-a072-66363bec707d,b9c82251-d44b-436d-9835-9124747d29be,29,50,"{female}",20,flexible,"{3,5,6}","{morning,afternoon}","{home_court,paid_facility}",2025-09-07T14:41:36.385Z,2025-09-07T14:41:36.385Z
c5ad3b95-0572-43d6-9c8f-39d8d6be3ba9,a86a7baf-0897-4b09-84ea-c764bc44e4b6,59,65,"{male}",25,1_2_per_week,"{1,7}","{evening,morning,afternoon}","{paid_facility,home_court,private_club}",2025-09-07T14:41:36.385Z,2025-09-07T14:41:36.385Z
bcecaa43-ce1f-4b2f-b1f3-7ca9249e6c8e,260c837c-0374-4e16-baa9-584609d67dbd,38,59,"{non_binary,female}",30,daily,"{1,6}","{evening}","{paid_facility}",2025-09-07T14:41:36.385Z,2025-09-07T14:41:36.385Z
64877236-c604-4b40-8ae7-7fdcfa89d725,82c5952a-4459-41c2-913d-8c0158ec7dd4,28,47,"{prefer_not_to_say,non_binary}",15,1_2_per_week,"{6,3,5,7,4}","{evening,afternoon}","{public_free}",2025-09-07T14:41:36.385Z,2025-09-07T14:41:36.385Z
62da7400-2ea8-4f38-8add-be88013f2e09,c1961c46-f825-4a53-b60a-a01affa6c195,27,43,"{non_binary,male}",30,3_4_per_week,"{1,6,2,5}","{evening,afternoon}","{paid_facility,home_court}",2025-09-07T14:41:36.385Z,2025-09-07T14:41:36.385Z
11e687d8-1867-4367-a5b7-144ff9180c53,e97bd95b-5dc8-4f57-bd0d-c3ddedb2ff30,18,28,"{non_binary}",20,1_2_per_week,"{4,6,1,2}","{morning,evening,afternoon}","{private_club}",2025-09-07T14:41:36.385Z,2025-09-07T14:41:36.385Z
0afaa10b-b259-412e-838c-478b079abcc9,613f504d-0476-42f6-a4f9-ac3d5be8f5fb,29,42,"{prefer_not_to_say}",10,daily,"{3,2,1,6}","{morning,afternoon,evening}","{public_free}",2025-09-07T14:41:36.385Z,2025-09-07T14:41:36.385Z
c44de558-6ac9-4181-ad31-8f1d3a3df007,721c6f41-e7a4-4d67-b177-8eeff31e42e2,39,55,"{male}",20,flexible,"{5,3,2,4}","{afternoon,morning}","{home_court,paid_facility,private_club}",2025-09-07T14:41:36.385Z,2025-09-07T14:41:36.385Z
86614fd0-4f7a-4f27-ab24-d56c9c7a8d57,88f99361-2e92-4d09-8d63-73ad48757e57,18,26,"{female}",15,1_2_per_week,"{5,6,7,1}","{morning,afternoon,evening}","{public_free,paid_facility,home_court}",2025-09-07T14:41:36.385Z,2025-09-07T14:41:36.385Z
614e83ad-7bb8-4993-97e5-6edeff19ee58,7d2a4ae2-839b-4b24-b4ae-2226e88a0232,35,47,"{male}",30,flexible,"{6,3,7,2,4}","{morning}","{home_court}",2025-09-07T14:41:36.385Z,2025-09-07T14:41:36.385Z
56b4c737-9d12-4267-b2d3-b7c68251eb86,58e2e39c-0f1b-462f-a083-b391d2b55dbc,18,28,"{non_binary}",20,flexible,"{1,4,3,7}","{morning,afternoon}","{private_club,home_court}",2025-09-07T14:41:36.385Z,2025-09-07T14:41:36.385Z
834437e2-0a7a-431e-8d06-c1a986c5a170,0fdf4f0f-a7e1-4e47-93fd-2b96cc02886c,18,34,"{male}",25,daily,"{7,3,4,5,6}","{morning,afternoon,evening}","{public_free}",2025-09-07T14:41:36.385Z,2025-09-07T14:41:36.385Z
bb6fcec8-8994-4a84-9e1f-7e0957436e11,2dbfeaff-7508-4ffa-9c1d-c8d4551d0d52,18,43,"{male}",25,1_2_per_week,"{2,1,5,4,3}","{evening,afternoon,morning}","{paid_facility}",2025-09-07T14:41:36.386Z,2025-09-07T14:41:36.386Z
bc3ad2ff-f5a8-492f-a25d-de9d7baef44f,c27ecae1-c7bf-4f21-80cd-afd484b8fe0d,28,56,"{female}",15,3_4_per_week,"{1,2,6,3,7}","{morning,afternoon}","{public_free,home_court,private_club}",2025-09-07T14:41:36.386Z,2025-09-07T14:41:36.386Z
c580af64-db89-4ff4-8d45-54398c82e62e,059dbb35-233a-47fa-bca2-ecb6edf266cd,31,58,"{prefer_not_to_say,female}",25,3_4_per_week,"{5,3,7}","{evening,afternoon,morning}","{public_free,private_club}",2025-09-07T14:41:36.386Z,2025-09-07T14:41:36.386Z
657cf414-f5e7-43cf-81cd-42c918c643f5,beb3b2ed-e8bc-4cbe-be20-78eec9f50d90,22,43,"{female,male}",15,daily,"{4,1,6,5,2}","{afternoon,evening,morning}","{home_court}",2025-09-07T14:41:36.386Z,2025-09-07T14:41:36.386Z
d0fe9b22-69e5-46ed-8691-26c31e54e5fa,ac0d9ed0-510f-4647-bd15-144bdac93522,48,65,"{female,non_binary}",20,flexible,"{7,1}","{afternoon,morning}","{public_free,private_club}",2025-09-07T14:41:36.386Z,2025-09-07T14:41:36.386Z
b8fec95c-47db-4c6b-a1e9-3071ee2d0453,4a1d1a13-e096-43a6-ab04-d131ed1f12e0,30,43,"{male,female}",20,daily,"{1,6,2,3,7}","{afternoon,evening,morning}","{public_free,private_club,paid_facility}",2025-09-07T14:41:36.386Z,2025-09-07T14:41:36.386Z
7c41ef5b-79d7-4f63-bb87-806cebb157c3,6e4c5278-8ae6-4100-8119-d9a26e005b63,57,65,"{non_binary,female}",5,3_4_per_week,"{7,6,2}","{morning,afternoon}","{paid_facility,home_court}",2025-09-07T14:41:36.386Z,2025-09-07T14:41:36.386Z
67458f6d-9197-4848-80c1-cc799dbed120,0e0a2dba-cb0d-40e2-bab5-cbf60f0a71e2,24,42,"{male}",5,3_4_per_week,"{2,4}","{evening,afternoon,morning}","{home_court}",2025-09-07T14:41:36.386Z,2025-09-07T14:41:36.386Z
5cbc00e5-6a36-48ae-91a4-a1babf05c212,b804f73a-ad46-46c8-aaa2-50ab3ef914de,18,35,"{male,female}",25,3_4_per_week,"{2,3}","{morning,afternoon,evening}","{paid_facility}",2025-09-07T14:41:36.386Z,2025-09-07T14:41:36.386Z
7d1ea2e0-de2d-4cc9-9fa2-cc44152cd177,1c74632f-8e76-4f65-b36c-f0cc1e79ac9b,22,33,"{non_binary,prefer_not_to_say}",15,3_4_per_week,"{5,2}","{morning,afternoon}","{paid_facility,private_club,home_court}",2025-09-07T14:41:36.386Z,2025-09-07T14:41:36.386Z
e995b068-78b7-456d-a923-8d3017e87891,ebf948a1-b622-4916-8281-b579220bf2f0,18,41,"{female,male}",10,3_4_per_week,"{5,4,1}","{morning}","{paid_facility}",2025-09-07T14:41:36.386Z,2025-09-07T14:41:36.386Z
59ea0f9c-68aa-4fed-ab10-81bd6dab4db2,9bfa9a6e-94d7-4a0b-84c6-b843302e10d6,33,55,"{non_binary}",30,daily,"{2,6,1,4}","{morning,afternoon}","{public_free,home_court,private_club}",2025-09-07T14:41:36.386Z,2025-09-07T14:41:36.386Z
7f6b03b1-6abe-4556-9e27-574737b587a6,4153ee97-c542-49eb-b560-8bd1d1c13953,21,35,"{male,female}",25,flexible,"{6,1,4}","{morning}","{public_free,private_club,home_court}",2025-09-07T14:41:36.386Z,2025-09-07T14:41:36.386Z
746fc89a-6678-4335-8fb9-6940b051cdb8,cc7a7a22-38f6-474d-9755-3d4c0302464f,18,28,"{male,female}",30,3_4_per_week,"{5,7,4,3,2}","{afternoon,evening}","{home_court,private_club}",2025-09-07T14:41:36.386Z,2025-09-07T14:41:36.386Z
144e64cb-69c0-4c12-a20a-01d83328a4d5,82213de4-a2b9-46ac-8892-a10af60c3c4f,18,43,"{male}",10,flexible,"{4,6,7,3}","{evening,afternoon,morning}","{private_club,public_free,home_court}",2025-09-07T14:41:36.386Z,2025-09-07T14:41:36.387Z
b9fc39bc-403e-4e7f-a056-2a7f5a076f7a,9fb39053-daec-420a-a2bd-3301f372823d,32,47,"{male,prefer_not_to_say}",15,flexible,"{1,4,7,3,2}","{morning}","{home_court,public_free,private_club}",2025-09-07T14:41:36.387Z,2025-09-07T14:41:36.387Z
c525d583-9598-4676-acc4-30f373ba3cb9,90b1ae45-3995-4fb9-8144-e3761f3ec065,33,52,"{male}",30,daily,"{5,6,3,2,1}","{afternoon}","{paid_facility}",2025-09-07T14:41:36.387Z,2025-09-07T14:41:36.387Z
5646eabf-6879-4733-a9a3-abe0fe84e975,0c751ee8-32c0-4d72-9caf-d4667c39a1ed,53,65,"{prefer_not_to_say}",25,daily,"{1,6}","{afternoon}","{home_court,public_free}",2025-09-07T14:41:36.387Z,2025-09-07T14:41:36.387Z
0e025455-0dfe-40c0-a6dd-93260a159f42,0dd741f3-5984-4391-a2f0-0af287e98eaf,18,30,"{prefer_not_to_say}",30,1_2_per_week,"{6,5,4,3}","{morning}","{paid_facility,home_court,private_club}",2025-09-07T14:41:36.387Z,2025-09-07T14:41:36.387Z
859aedf9-be87-45fb-a81e-89e5523fbd2f,2d07e612-1c10-422c-8086-0c86837ac960,31,48,"{prefer_not_to_say,non_binary}",10,3_4_per_week,"{3,4}","{evening}","{public_free,private_club,paid_facility}",2025-09-07T14:41:36.387Z,2025-09-07T14:41:36.387Z
edd23a04-16d3-40c6-befb-caf3785b4e78,ffef1640-a6e9-4ac3-8668-df0b1fdf90f3,22,40,"{female,male}",25,flexible,"{6,4,1}","{evening,afternoon,morning}","{home_court,paid_facility}",2025-09-07T14:41:36.387Z,2025-09-07T14:41:36.387Z
8a41f3b8-00af-433d-9cdf-dfc8b25a97cd,31d1abd3-70f0-42a9-94a5-de30b88d9479,44,65,"{non_binary,female}",25,flexible,"{5,4,6,3,7}","{afternoon,morning,evening}","{paid_facility}",2025-09-07T14:41:36.387Z,2025-09-07T14:41:36.387Z
1f827bac-7f1c-4a0b-9e27-62d7cfb4a51c,96a628f3-7e19-4dd1-8b3e-7b340fba923f,46,65,"{female,non_binary}",30,flexible,"{4,1}","{morning,afternoon,evening}","{public_free,private_club,home_court}",2025-09-07T14:41:36.387Z,2025-09-07T14:41:36.387Z
52923df6-3654-4778-b22e-995f6b51a24f,5af22a39-05f5-452d-b78e-46d254b90445,57,65,"{prefer_not_to_say}",5,flexible,"{3,2,5,1}","{evening,afternoon}","{paid_facility}",2025-09-07T14:41:36.387Z,2025-09-07T14:41:36.387Z
9a67e65e-a80f-4d08-b7d6-baf81b2ffd0d,2f76c662-97a2-4763-bcad-9da6e975241d,43,61,"{male}",25,flexible,"{4,2,5,7,1}","{evening,afternoon,morning}","{private_club,home_court}",2025-09-07T14:41:36.387Z,2025-09-07T14:41:36.387Z
1f922cb4-de7d-48c7-a000-383693d307e7,f320ee43-05c1-43c2-8ecd-8a4fcad63f8a,28,51,"{prefer_not_to_say,male}",10,1_2_per_week,"{4,3}","{morning,afternoon,evening}","{home_court,public_free,private_club}",2025-09-07T14:41:36.387Z,2025-09-07T14:41:36.387Z
bf294395-43a3-4198-8f2b-9c732160a2d0,19f70f65-0fba-4867-8b51-5bb52dbc0e7f,23,36,"{male,female}",20,3_4_per_week,"{6,5,2}","{evening}","{public_free,home_court}",2025-09-07T14:41:36.387Z,2025-09-07T14:41:36.387Z
81ccb015-9481-49b7-8904-9c6aca8812f0,6780cddb-e8bb-4ed0-a969-f8504a3f2e67,20,40,"{prefer_not_to_say}",10,daily,"{7,3,2}","{evening}","{paid_facility,private_club,public_free}",2025-09-07T14:41:36.387Z,2025-09-07T14:41:36.387Z
1d2e12c9-530c-4f95-bb9b-174e4b28a1b0,befdef11-619a-45a9-9949-a5792d5b8784,32,51,"{prefer_not_to_say,non_binary}",5,1_2_per_week,"{1,2}","{afternoon,morning,evening}","{public_free,paid_facility,private_club}",2025-09-07T14:41:36.387Z,2025-09-07T14:41:36.387Z
f68b995e-f31c-4a90-9bbc-1f2a41bbd798,9f4cf3dd-4367-4ea1-a8dd-b1034362f43f,41,65,"{non_binary,prefer_not_to_say}",5,1_2_per_week,"{3,2,6,5}","{morning,afternoon}","{home_court,paid_facility,private_club}",2025-09-07T14:41:36.387Z,2025-09-07T14:41:36.387Z
b1b6d54a-6201-4f6f-bf83-f4d83b1a907c,2b6e2fc4-20a3-4353-b510-02f3153b9205,28,48,"{prefer_not_to_say}",30,flexible,"{7,6,5,4}","{morning}","{home_court,paid_facility}",2025-09-07T14:41:36.388Z,2025-09-07T14:41:36.388Z
7424e4bb-c047-4c1e-8e08-971b1b968fe4,b4896221-5151-4b95-88fc-c58e9f096310,18,32,"{non_binary,female}",5,3_4_per_week,"{1,2}","{evening,afternoon,morning}","{public_free,private_club,paid_facility}",2025-09-07T14:41:36.388Z,2025-09-07T14:41:36.388Z
1e76f9f5-e888-4197-badb-a300f7c40264,b3fdf449-fe72-433a-9c68-7d47d395b816,28,48,"{female}",10,3_4_per_week,"{3,4,2,7}","{morning,afternoon,evening}","{private_club}",2025-09-07T14:41:36.388Z,2025-09-07T14:41:36.388Z
efe204e2-0ff6-441b-8433-9942cd2e8a9d,3dead3d3-628a-4af3-bde7-05451273eff9,43,61,"{prefer_not_to_say}",25,flexible,"{3,2,7,6,4}","{morning,afternoon,evening}","{home_court,paid_facility,private_club}",2025-09-07T14:41:36.388Z,2025-09-07T14:41:36.388Z
efbe3348-ddf0-4f77-b046-01b1739cca76,ec834d8c-0df7-4666-8267-6b5d10f40fcb,18,25,"{male,prefer_not_to_say}",5,daily,"{6,7,5,1,3}","{evening}","{public_free,home_court,private_club}",2025-09-07T14:41:36.388Z,2025-09-07T14:41:36.388Z
3ffec5f6-349c-4bde-b7c3-c0b21de5670e,e6e92001-3cc7-41db-8f6a-6a452a7acdf4,38,61,"{prefer_not_to_say}",15,daily,"{5,4,3,2}","{evening}","{public_free}",2025-09-07T14:41:36.388Z,2025-09-07T14:41:36.388Z
82ca0395-790a-4d72-9d48-97b08fbe47d5,1240038d-3762-4d6e-9089-24c98c4a16de,35,53,"{prefer_not_to_say,male}",15,daily,"{7,5,1}","{morning,afternoon,evening}","{home_court}",2025-09-07T14:41:36.388Z,2025-09-07T14:41:36.388Z
f232eaae-36b7-429b-8c32-0f99a8040a22,c6135c38-7109-47c4-bcab-688d806bafe2,37,52,"{male}",25,flexible,"{4,3,2,5,7}","{morning}","{private_club,paid_facility}",2025-09-07T14:41:36.388Z,2025-09-07T14:41:36.388Z
baa1eadb-618a-488f-8119-775f120188a9,78a17d3b-a944-4543-93a1-113492a69547,29,43,"{prefer_not_to_say,non_binary}",10,3_4_per_week,"{3,7}","{evening,morning,afternoon}","{home_court,paid_facility,private_club}",2025-09-07T14:41:36.388Z,2025-09-07T14:41:36.388Z
5a05f964-68a5-4ef6-982c-c474efc7afa9,3758397c-e133-40ad-a089-9f93ffcaa5ba,49,65,"{non_binary}",10,daily,"{1,6,3,2}","{afternoon,morning,evening}","{private_club,paid_facility}",2025-09-07T14:41:36.388Z,2025-09-07T14:41:36.388Z
44383f7b-3a8c-47f4-b68e-3d1289f5b606,334fdb83-68d6-4d31-8859-880453b221c3,38,57,"{male}",25,flexible,"{1,2}","{morning}","{home_court,public_free}",2025-09-07T14:41:36.388Z,2025-09-07T14:41:36.388Z
108a1a54-e47b-4ee9-ab21-7edd4a99ce9b,280fde9c-db13-4cff-8e84-a6ccd0e80ad1,27,54,"{prefer_not_to_say}",15,flexible,"{7,6}","{evening,afternoon,morning}","{home_court,paid_facility,private_club}",2025-09-07T14:41:36.388Z,2025-09-07T14:41:36.388Z
d0bc5598-df55-4025-a19c-510ab6f401ca,00999ef7-e74b-4a47-b7a6-40bf10d4da39,43,56,"{female,prefer_not_to_say}",5,3_4_per_week,"{3,7,2}","{evening,afternoon}","{private_club,public_free,home_court}",2025-09-07T14:41:36.388Z,2025-09-07T14:41:36.388Z
8b1b26b7-10bf-436a-9c9b-935901aec31d,2a08f534-5afd-4899-a538-783d187cac56,34,61,"{male}",30,1_2_per_week,"{2,5,1}","{morning,afternoon,evening}","{home_court}",2025-09-07T14:41:36.389Z,2025-09-07T14:41:36.389Z
c64e428c-e919-4039-b34f-3c41cc1e391e,5c60a023-859c-4ca9-a895-56898ff1abe1,22,43,"{prefer_not_to_say}",5,daily,"{6,1,7,2}","{morning}","{paid_facility,private_club,home_court}",2025-09-07T14:41:36.389Z,2025-09-07T14:41:36.389Z
04035d2e-2615-4106-8909-e714f17b0cbc,cd59f29d-5c79-4dea-86e6-70dc8ba1852b,18,25,"{male}",15,daily,"{1,2,3,7,4}","{evening,afternoon,morning}","{public_free}",2025-09-07T14:41:36.389Z,2025-09-07T14:41:36.389Z
0b450a65-4a4c-4d1d-8e5c-0fcc246546c1,fe89991b-de81-4241-9a30-e5b460475c50,28,44,"{non_binary}",20,daily,"{4,6,5,7,3}","{morning,afternoon,evening}","{public_free,private_club}",2025-09-07T14:41:36.389Z,2025-09-07T14:41:36.389Z
55eaf3eb-dc64-4573-abff-6c2846552e2d,199de175-5a52-4a3d-a4cb-12db4d8f1baa,18,34,"{male,prefer_not_to_say}",5,flexible,"{4,7,2,5,3}","{morning}","{paid_facility,public_free,private_club}",2025-09-07T14:41:36.389Z,2025-09-07T14:41:36.389Z
7ce92b7f-b631-40b8-bb33-30e3cccc9b56,e9b05707-2f35-433a-9913-a781dc028d19,42,65,"{male}",30,1_2_per_week,"{1,4}","{morning,afternoon,evening}","{private_club,home_court,public_free}",2025-09-07T14:41:36.389Z,2025-09-07T14:41:36.389Z
df5fa399-6078-49d4-a744-dc631eb7a3ba,a61cab8b-fb3e-4113-bf22-d16fee1515dc,53,65,"{male,female}",20,daily,"{2,1}","{morning,afternoon}","{home_court,paid_facility,private_club}",2025-09-07T14:41:36.389Z,2025-09-07T14:41:36.389Z
f0e35f7d-544a-4fcc-9be0-bfd58e108681,37536aae-11f8-43d0-8e3f-75583016ac02,18,38,"{male,female}",30,3_4_per_week,"{1,2,5,3,7}","{morning,afternoon,evening}","{public_free,home_court}",2025-09-07T14:41:36.389Z,2025-09-07T14:41:36.389Z
910a51c7-1a8b-4282-bf05-b099c3fdbde7,08c51864-6fc9-42c4-a396-3912bd388e53,18,41,"{male,female}",5,3_4_per_week,"{4,6}","{evening,morning,afternoon}","{paid_facility,home_court,private_club}",2025-09-07T14:41:36.389Z,2025-09-07T14:41:36.389Z
426e7173-e61a-4c4c-8d62-7d441d997416,0b939c4f-6856-4228-a631-7debf07c9a3e,28,48,"{male,female}",25,3_4_per_week,"{4,7,3}","{evening,afternoon,morning}","{home_court}",2025-09-07T14:41:36.389Z,2025-09-07T14:41:36.389Z
3cf2ee69-1bc9-4b33-bdb2-a8f17ffb352f,f0ad1c75-a9f4-4c92-b4e7-2cb570ef615f,52,65,"{male,female}",15,flexible,"{4,1,7}","{morning,afternoon}","{home_court}",2025-09-07T14:41:36.389Z,2025-09-07T14:41:36.389Z
b614da21-eadd-437d-8571-47bc6ac9c7b2,b2258ab4-25a6-4119-b899-4825aa0f3b31,18,41,"{prefer_not_to_say}",5,daily,"{1,7,6,2}","{morning}","{home_court,paid_facility,private_club}",2025-09-07T14:41:36.389Z,2025-09-07T14:41:36.389Z
5cc1c536-0d4d-476f-ba93-39ae17df4669,871c746a-3e2b-42d2-935a-9a3ba4241ea4,18,38,"{prefer_not_to_say,female}",30,3_4_per_week,"{5,4,7,6,3}","{morning,afternoon}","{home_court}",2025-09-07T14:41:36.389Z,2025-09-07T14:41:36.389Z
66b6e071-4325-4760-bc2a-0c40541ba032,478cbe5c-aabe-48bc-90f1-28acdf9a0bcf,25,42,"{female,prefer_not_to_say}",10,daily,"{5,7,6,4,3}","{evening,afternoon}","{private_club,public_free}",2025-09-07T14:41:36.390Z,2025-09-07T14:41:36.390Z
e1ce9fcb-6a09-49d7-a548-4c0bed025ff0,1ba9ca75-f1ff-4de0-a6d4-7407e4df0d7e,39,55,"{male,female}",15,1_2_per_week,"{6,5,4}","{morning}","{private_club}",2025-09-07T14:41:36.390Z,2025-09-07T14:41:36.390Z
0bc24151-98db-4fc9-8b23-8ffd8145176a,26a56542-19dc-48ad-acfe-6089cd371ac9,28,56,"{male}",10,daily,"{5,3}","{evening}","{public_free,home_court,paid_facility}",2025-09-07T14:41:36.390Z,2025-09-07T14:41:36.390Z
5720ee9f-e6bd-4f67-9ae1-faf2110150df,92f540b3-1057-4305-9662-f6eb05157e81,20,43,"{prefer_not_to_say,non_binary}",5,3_4_per_week,"{3,6,2,4,1}","{evening,afternoon,morning}","{home_court,private_club}",2025-09-07T14:41:36.390Z,2025-09-07T14:41:36.390Z
7f7d21d9-2b81-435f-94a0-7619b1ad332d,3618cd64-7f3f-4700-9078-81f3c6e8af37,49,65,"{prefer_not_to_say}",25,1_2_per_week,"{1,6,2,3,4}","{afternoon,morning,evening}","{paid_facility,home_court,private_club}",2025-09-07T14:41:36.390Z,2025-09-07T14:41:36.390Z
9d7edf7b-a4a8-428e-b0be-d81e5c666cc9,cbec2baf-69d9-4276-82c4-6d1f2980a56e,25,53,"{prefer_not_to_say}",10,daily,"{7,3,4,2}","{evening,morning,afternoon}","{home_court,paid_facility}",2025-09-07T14:41:36.390Z,2025-09-07T14:41:36.390Z
5a70744f-a269-4995-a655-09c44b41b2ae,bdd4374d-6646-4507-887e-ac6d92eb6e37,18,36,"{male}",30,daily,"{5,3,2,1,4}","{afternoon,morning}","{home_court,paid_facility,private_club}",2025-09-07T14:41:36.390Z,2025-09-07T14:41:36.390Z
e2cd3ed4-012c-4e92-a49e-63f54a2c54e9,18239ee8-689f-4762-a06c-54644254348d,32,48,"{male,female}",5,1_2_per_week,"{7,1,2}","{morning,afternoon,evening}","{public_free,private_club,paid_facility}",2025-09-07T14:41:36.390Z,2025-09-07T14:41:36.390Z
3d7a9b22-2799-466c-b280-5addd96d4d14,6ead1880-8e41-4618-80f0-db7adf46043e,57,65,"{female,male}",25,1_2_per_week,"{6,1,5,4,2}","{morning}","{home_court,public_free,private_club}",2025-09-07T14:41:36.390Z,2025-09-07T14:41:36.390Z
8606c63c-75cf-4f87-bdb2-7dfcfc154722,e78f8982-f928-4c79-8881-3fb3e94c09eb,49,65,"{male,female}",15,1_2_per_week,"{4,5,1}","{morning,afternoon}","{home_court,paid_facility}",2025-09-07T14:41:36.390Z,2025-09-07T14:41:36.390Z
b1cfbfd0-db59-4713-93a7-4619834d16d9,d5f65d87-a686-47a9-9b6c-467a77f4cb13,28,49,"{prefer_not_to_say}",25,flexible,"{6,5,7,4,3}","{evening,afternoon,morning}","{home_court}",2025-09-07T14:41:36.390Z,2025-09-07T14:41:36.390Z
ce0ced57-df17-492a-9c80-5993f4817f54,e136ff54-4ed8-4519-ad4b-dffe63af02fc,51,65,"{male}",30,1_2_per_week,"{2,4,7,1}","{afternoon,morning}","{public_free}",2025-09-07T14:41:36.390Z,2025-09-07T14:41:36.390Z
772b9afc-6c14-4549-9b75-8c6ac7925f7f,8cabe6d0-7c88-42b7-9837-d2c1c755c96e,32,55,"{female}",5,flexible,"{1,2}","{evening,afternoon,morning}","{home_court}",2025-09-07T14:41:36.390Z,2025-09-07T14:41:36.390Z
dd5e208c-7566-4b93-802e-4790f94f6ab0,d8a584d1-c7f5-4c3a-9f48-fdf265f9b6bc,43,59,"{prefer_not_to_say,male}",30,flexible,"{3,5}","{evening}","{private_club,home_court,paid_facility}",2025-09-07T14:41:36.390Z,2025-09-07T14:41:36.390Z
4e38f3a5-9a0a-4b44-8aea-1e50ef3e6fe2,a9fcaef8-b5d0-42dd-9999-95156c0e20df,18,36,"{male,prefer_not_to_say}",10,3_4_per_week,"{7,2}","{morning,afternoon}","{public_free}",2025-09-07T14:41:36.390Z,2025-09-07T14:41:36.390Z
4fd223fa-8923-4a17-93ec-b24405dceb19,9666c11a-fabe-400a-ba66-f4ea673852ea,26,49,"{male}",10,3_4_per_week,"{6,1}","{afternoon,morning,evening}","{home_court,public_free,private_club}",2025-09-07T14:41:36.390Z,2025-09-07T14:41:36.390Z
000af72f-b375-4a5f-95bf-6caf1977e78e,559580fc-cc3f-41d2-97e5-5de301b86f5c,18,34,"{prefer_not_to_say,male}",10,3_4_per_week,"{4,3}","{morning,afternoon,evening}","{private_club,paid_facility}",2025-09-07T14:41:36.391Z,2025-09-07T14:41:36.391Z
59bd6575-796e-40bf-b23b-66be40d0faf1,e09b7420-4105-444d-9116-c696f41bdb72,21,40,"{male,female}",15,daily,"{2,6,5,4,1}","{evening,afternoon,morning}","{home_court,paid_facility}",2025-09-07T14:41:36.391Z,2025-09-07T14:41:36.391Z
1d076fc1-c5d1-40f8-8715-862058554fe8,690aab9a-c952-4001-ab27-5bdab3579d72,53,65,"{female,male}",30,flexible,"{7,5,4}","{evening,afternoon,morning}","{private_club}",2025-09-07T14:41:36.391Z,2025-09-07T14:41:36.391Z
84bb0db4-d448-4bc9-bd39-0115ebd9d1ef,f2e2cc63-6367-434d-9876-512d6054b811,44,65,"{prefer_not_to_say}",15,1_2_per_week,"{1,4,7,5,2}","{afternoon,morning}","{public_free,private_club,paid_facility}",2025-09-07T14:41:36.392Z,2025-09-07T14:41:36.392Z
d82e97fb-f768-4f3a-9535-fdc3545c48ca,0b8d998a-30b6-40a9-8fe4-85c6686d85ca,18,34,"{non_binary,prefer_not_to_say}",10,daily,"{4,3,7,6}","{morning,evening}","{paid_facility}",2025-09-07T14:41:36.392Z,2025-09-07T14:41:36.392Z
5df8e969-5e6f-487b-b37c-73ec28585a51,d9504519-42aa-4ed4-95fa-4c95c9e41c33,18,36,"{prefer_not_to_say}",20,3_4_per_week,"{3,7,6,4}","{morning,afternoon,evening}","{paid_facility,home_court,public_free}",2025-09-07T14:41:36.393Z,2025-09-07T14:41:36.393Z
5082b3b3-2d1e-45c7-a339-289bd388a8e4,4922e7d9-fcf1-4309-a653-9ddc5a3113eb,30,48,"{prefer_not_to_say}",30,3_4_per_week,"{3,1}","{morning,evening,afternoon}","{home_court,public_free}",2025-09-07T14:41:36.393Z,2025-09-07T14:41:36.393Z
d2d40954-9eeb-4872-aad1-35796414590f,72fe70bf-4b93-4916-aae2-0039fe61039c,45,59,"{male}",15,3_4_per_week,"{4,7,2,1,3}","{morning,afternoon}","{public_free,paid_facility,home_court}",2025-09-07T14:41:36.393Z,2025-09-07T14:41:36.393Z
6626f79d-3f51-40d1-b426-e9626a55b01b,28d2147c-6ead-494a-a909-5207da9cf4c7,18,30,"{female,prefer_not_to_say}",25,flexible,"{6,3,4}","{evening}","{paid_facility}",2025-09-07T14:41:36.393Z,2025-09-07T14:41:36.393Z
e04eba66-d858-40b2-b628-dd86dd2bb5c3,900dbb72-327a-4b52-ad22-b21dbc6d2ce1,18,26,"{prefer_not_to_say}",5,daily,"{1,2,6,5}","{evening,afternoon,morning}","{paid_facility}",2025-09-07T14:41:36.393Z,2025-09-07T14:41:36.393Z
9efd4bbd-1161-42f0-9374-4d3ac600ae1b,5b9a4551-8ed0-4681-b7ae-005ce94b7ab9,31,54,"{prefer_not_to_say}",20,3_4_per_week,"{2,5,7,4}","{morning}","{private_club,public_free}",2025-09-07T14:41:36.393Z,2025-09-07T14:41:36.393Z
86d7b623-2153-4a55-8a1b-4f38c0be6bf7,50db63a4-fe33-4452-842c-a7e887889a9f,29,46,"{male}",30,daily,"{4,1}","{afternoon,morning}","{private_club}",2025-09-07T14:41:36.393Z,2025-09-07T14:41:36.393Z
0ae86a62-9e32-49ef-802a-6cec17c88d62,edf1a065-fe4f-41a9-8e8e-2f501750eee3,48,60,"{male}",5,flexible,"{2,4,1,6,7}","{evening}","{public_free}",2025-09-07T14:41:36.393Z,2025-09-07T14:41:36.393Z
58e84d70-d2ca-445f-80b2-b9d00202e318,0fd1bd3e-e697-4edd-be15-da87e2e26e8c,18,35,"{prefer_not_to_say}",30,1_2_per_week,"{7,5,3,2,1}","{afternoon,morning}","{home_court,paid_facility,private_club}",2025-09-07T14:41:36.393Z,2025-09-07T14:41:36.393Z
e8c509a6-25a8-44bb-b524-308fb96c44f8,b0ff3d2a-29b3-412b-9297-59cc7ee2e74b,47,61,"{non_binary}",25,flexible,"{4,7}","{evening}","{home_court,public_free}",2025-09-07T14:41:36.394Z,2025-09-07T14:41:36.394Z
8656647a-d68d-4cce-9159-84af57ebd667,6cdda104-d5a1-4325-97e6-7c4e5e99e67a,49,65,"{female,male}",20,daily,"{7,5,3,2}","{evening,afternoon}","{paid_facility,public_free}",2025-09-07T14:41:36.394Z,2025-09-07T14:41:36.394Z
d38ed44e-3bfa-4fa9-8972-e82f97ec0d9d,87d9959e-fb61-435a-ab55-2ea4b940490f,34,56,"{male,female}",15,flexible,"{5,7,1,6}","{morning}","{paid_facility,public_free,private_club}",2025-09-07T14:41:36.394Z,2025-09-07T14:41:36.394Z
f5d85ed6-90b9-4481-b749-3cc32430d301,607f43a8-0362-43ac-b453-542ac50ad7c2,38,50,"{prefer_not_to_say}",30,daily,"{6,7,3,4}","{morning}","{public_free}",2025-09-07T14:41:36.394Z,2025-09-07T14:41:36.394Z
caf0541b-de4f-4d90-b8e1-149b279917b6,9e5c18f4-42de-48dc-9cef-036368c68dd2,56,65,"{female}",5,daily,"{7,4,3}","{morning}","{private_club,home_court}",2025-09-07T14:41:36.394Z,2025-09-07T14:41:36.394Z
4d10bc8c-f72e-482e-a7dc-700508cb43b9,634128d9-f97f-42a7-8ac6-e3815868b723,43,60,"{non_binary}",20,flexible,"{2,4}","{morning}","{home_court,paid_facility}",2025-09-07T14:41:36.394Z,2025-09-07T14:41:36.394Z
0f524c81-e33b-4e47-84b4-552674d094a6,d63b6961-a0b1-4cf7-b8dc-d2689e496ee3,38,58,"{prefer_not_to_say,male}",5,3_4_per_week,"{3,6,7}","{evening,afternoon,morning}","{home_court,paid_facility,private_club}",2025-09-07T14:41:36.394Z,2025-09-07T14:41:36.394Z
516d0335-6916-4db0-b338-b405dfa4a772,bb440a26-4093-4eb6-8014-765dabb14feb,50,65,"{non_binary,female}",5,flexible,"{4,3}","{morning,afternoon}","{paid_facility,private_club,home_court}",2025-09-07T14:41:36.394Z,2025-09-07T14:41:36.394Z
fab1fbb0-cc33-4247-ae1a-c3bdd5dc2587,7766722e-c2a0-4dbf-aef1-10346858b0d7,43,65,"{prefer_not_to_say,non_binary}",15,daily,"{6,2,4}","{evening,afternoon,morning}","{public_free,home_court,paid_facility}",2025-09-07T14:41:36.394Z,2025-09-07T14:41:36.394Z
ab979b5c-3a87-4b49-b0cc-44144a3cb23e,271cf6df-b945-40e1-baa8-4a8d94e84163,40,60,"{male}",30,daily,"{4,3}","{evening,afternoon,morning}","{paid_facility}",2025-09-07T14:41:36.394Z,2025-09-07T14:41:36.394Z
c2389f59-a898-4c0e-aacc-f11be5ba23b2,4223f354-b6b8-4ba2-976a-e1da1f970c88,22,37,"{male}",10,1_2_per_week,"{4,5}","{afternoon,morning,evening}","{home_court}",2025-09-07T14:41:36.394Z,2025-09-07T14:41:36.394Z
1c91a987-f8a9-4b62-9699-8fc11fceead1,b0f7ead1-6ae1-4913-9500-fa07e207ea8a,34,51,"{male}",15,1_2_per_week,"{6,3,4,5}","{evening,afternoon,morning}","{private_club}",2025-09-07T14:41:36.394Z,2025-09-07T14:41:36.394Z
b8624b8e-0379-44ea-ac66-1e3b9c8d85db,5e4e34d7-6ea3-4b57-8555-921a4941b3a0,33,62,"{prefer_not_to_say}",30,daily,"{7,1,4,6}","{morning,afternoon}","{home_court}",2025-09-07T14:41:36.394Z,2025-09-07T14:41:36.394Z
2cbd8fd4-0aee-463d-a686-be046cb667ce,99228e88-9ab7-45b7-a550-81bb7e91fcb8,28,46,"{prefer_not_to_say,male}",20,daily,"{2,7,1}","{evening}","{public_free,private_club,home_court}",2025-09-07T14:41:36.394Z,2025-09-07T14:41:36.394Z
f01e756a-e929-4e1f-a025-806287361af9,a4ad0a6a-5f48-4cf0-a66d-1206e1e9ee28,40,53,"{female}",10,daily,"{3,1,2,4,5}","{morning,afternoon}","{home_court}",2025-09-07T14:41:36.394Z,2025-09-07T14:41:36.394Z
da3e282e-4719-45a6-8f20-d04e11f055c1,c360e391-144b-4dcd-a6c0-31a8a2a6d510,18,33,"{non_binary}",15,daily,"{3,2,7,5,1}","{evening,morning,afternoon}","{public_free,private_club,paid_facility}",2025-09-07T14:41:36.394Z,2025-09-07T14:41:36.394Z
0fb1c57b-984e-4e47-b854-c6c840d03cac,1f92e7b4-621d-431e-8bda-aa53d0f04b41,20,38,"{prefer_not_to_say,non_binary}",15,daily,"{6,3,2,4,1}","{morning,afternoon}","{paid_facility}",2025-09-07T14:41:36.394Z,2025-09-07T14:41:36.394Z
04bb34e1-25b9-4bf8-bc6c-91702399c784,500b0c06-8505-4574-bc63-20c614a00e41,26,50,"{non_binary}",20,flexible,"{3,1,7,4,5}","{evening,afternoon,morning}","{home_court}",2025-09-07T14:41:36.394Z,2025-09-07T14:41:36.394Z
e699fa86-b1f5-4851-a191-b6d12ae22a62,ae17364a-cf3c-4533-aeb7-06f67f381fc4,51,65,"{prefer_not_to_say,non_binary}",15,daily,"{4,3}","{morning,afternoon,evening}","{public_free}",2025-09-07T14:41:36.394Z,2025-09-07T14:41:36.394Z
87b671af-0a3f-4fe4-89b7-5807c7b7b759,39641e04-5877-4046-b701-2f2da2c50ca2,18,32,"{prefer_not_to_say,male}",25,1_2_per_week,"{3,4,2,1}","{evening}","{paid_facility}",2025-09-07T14:41:36.395Z,2025-09-07T14:41:36.395Z
212a180b-4c21-459d-ba0a-eeaaa87fd99f,032d2e1c-88eb-4982-8225-674fac35d684,36,52,"{female}",15,flexible,"{7,1,6,2}","{evening,afternoon,morning}","{home_court,paid_facility,private_club}",2025-09-07T14:41:36.395Z,2025-09-07T14:41:36.395Z
bfbd7be6-e57c-40d2-a474-546d7ef89e10,6f4192c0-478e-4bf8-ae54-128289ac89bf,23,39,"{male,female}",20,flexible,"{4,2}","{evening}","{paid_facility,public_free,private_club}",2025-09-07T14:41:36.395Z,2025-09-07T14:41:36.395Z
7772f854-b172-4048-a399-94d31cd216e1,d72e9d13-9c55-4208-8a9c-8a7c83abbe34,21,47,"{non_binary,male}",10,3_4_per_week,"{1,4,5}","{morning,afternoon,evening}","{public_free}",2025-09-07T14:41:36.395Z,2025-09-07T14:41:36.395Z
d4d119fb-476b-4e07-9fe7-1399106421ec,ce2ca96c-bbbd-4080-8c47-96e6d5e9fb0c,44,59,"{prefer_not_to_say,non_binary}",25,1_2_per_week,"{4,3,2,6}","{afternoon,morning,evening}","{paid_facility,private_club,public_free}",2025-09-07T14:41:36.395Z,2025-09-07T14:41:36.395Z
030bc976-9eab-49a7-a664-8110683c0afa,60c04c51-cbc7-443c-a82e-28a5e514fde3,25,44,"{male}",10,daily,"{1,2,6,4,3}","{morning,evening,afternoon}","{public_free,private_club,home_court}",2025-09-07T14:41:36.395Z,2025-09-07T14:41:36.395Z
802a4aea-73ea-4d2f-9746-2cffbab08dc6,681978e7-be0c-48c7-9626-e6c5eeb8fd4b,44,62,"{female,male}",20,3_4_per_week,"{7,6}","{evening,afternoon,morning}","{public_free,private_club}",2025-09-07T14:41:36.395Z,2025-09-07T14:41:36.395Z
08edc1d4-2223-4c6a-86a1-3f6f2a44bdc2,f272a48c-c9cb-429e-8701-04703b0f2e4b,41,62,"{male}",5,flexible,"{3,4}","{evening,afternoon}","{private_club,paid_facility,public_free}",2025-09-07T14:41:36.395Z,2025-09-07T14:41:36.395Z
5419522d-925a-4e91-af81-e77ab4807019,10d7a174-918c-478a-b1f3-6044f067f628,44,54,"{male,female}",30,1_2_per_week,"{7,6,2,4,5}","{morning,afternoon}","{home_court}",2025-09-07T14:41:36.395Z,2025-09-07T14:41:36.395Z
740a452a-37e2-45e6-b4f3-c742009a292a,08397fc5-4410-4f93-9e4a-6e24a355a5e2,18,38,"{male,female}",20,1_2_per_week,"{4,1,7}","{morning}","{public_free}",2025-09-07T14:41:36.395Z,2025-09-07T14:41:36.395Z
87d343a9-f974-4d85-a8b4-043b5c3e678e,255a3cf9-3d24-4fbd-b006-fab6d7d86707,19,33,"{male}",15,1_2_per_week,"{5,2,3,4,7}","{evening,afternoon,morning}","{public_free,private_club}",2025-09-07T14:41:36.395Z,2025-09-07T14:41:36.395Z
abcc890b-27c1-4eea-8b5f-b6a99a338f16,f7ad917a-4199-456c-8e47-33bab461f52a,18,30,"{prefer_not_to_say}",5,3_4_per_week,"{4,7,1,6,2}","{morning}","{paid_facility,private_club}",2025-09-07T14:41:36.395Z,2025-09-07T14:41:36.395Z
51e6da72-41af-4e80-8f02-b3216407dcf4,3cb8055a-9961-4f18-913a-1bfcfbb483dd,18,31,"{male,female}",25,daily,"{3,5,7}","{morning}","{paid_facility,home_court,private_club}",2025-09-07T14:41:36.395Z,2025-09-07T14:41:36.395Z
c0c20c07-fb28-4994-96a1-f73bb1fed161,7a15908d-56f8-45f6-9d37-47cbaabab2fb,18,28,"{non_binary}",20,3_4_per_week,"{4,3}","{evening,afternoon,morning}","{home_court,paid_facility}",2025-09-07T14:41:36.395Z,2025-09-07T14:41:36.395Z
d3f8bbd9-a5f9-4008-a88e-9cb89aa187cb,1be3a87a-d204-4062-b436-332fe04e7321,43,65,"{non_binary}",30,3_4_per_week,"{5,7}","{evening}","{paid_facility,public_free,home_court}",2025-09-07T14:41:36.395Z,2025-09-07T14:41:36.395Z
94d0082c-3502-4793-b5cf-954dcdbace05,8ef55666-0ed5-437c-b379-baa64d0d8e55,39,58,"{male}",30,3_4_per_week,"{3,1,2}","{morning,evening}","{public_free,private_club,home_court}",2025-09-07T14:41:36.396Z,2025-09-07T14:41:36.396Z
5df7218a-ff28-4bb4-9f4c-72e096c8f03f,6dcd57ff-a11b-4c91-bb19-e3ab57fa4433,29,57,"{prefer_not_to_say}",10,flexible,"{3,6,2}","{afternoon,morning}","{paid_facility,private_club}",2025-09-07T14:41:36.396Z,2025-09-07T14:41:36.396Z
01dfe920-925b-4946-9d3a-19e4593dd48d,d99eb020-d5a2-4150-9185-12981a028836,18,33,"{non_binary}",5,3_4_per_week,"{3,2}","{evening,afternoon,morning}","{public_free,home_court}",2025-09-07T14:41:36.396Z,2025-09-07T14:41:36.396Z
a7ca267b-80a1-493b-bc26-26eb13f67dbe,6c2e234c-fc21-4910-b908-a4d51f625112,36,58,"{prefer_not_to_say,non_binary}",15,flexible,"{7,1,6,2}","{evening,afternoon,morning}","{public_free}",2025-09-07T14:41:36.396Z,2025-09-07T14:41:36.396Z
d7b63e82-f656-4c58-8966-41f10ffcf20d,dda9b644-01e7-4447-8e58-8b37193273d8,24,41,"{male,prefer_not_to_say}",5,flexible,"{7,6}","{morning}","{home_court,paid_facility}",2025-09-07T14:41:36.396Z,2025-09-07T14:41:36.396Z
facba15d-b9fa-4989-bfff-78ee64a2a544,801dc602-4197-485a-b021-73d051aa8ef0,46,65,"{prefer_not_to_say}",5,flexible,"{5,4,7,6,2}","{morning,afternoon}","{public_free,home_court,private_club}",2025-09-07T14:41:36.396Z,2025-09-07T14:41:36.396Z
c71d5dcb-29de-420b-b819-d9ed40cab7bc,fe203b98-4561-4291-9db4-2de495b52815,52,65,"{prefer_not_to_say}",5,daily,"{2,5}","{evening,afternoon,morning}","{private_club,paid_facility,home_court}",2025-09-07T14:41:36.396Z,2025-09-07T14:41:36.396Z
830a9191-685a-4ee2-bf01-d9ab53463927,b822fd3c-96e1-404e-9152-76a4eb072ace,18,27,"{non_binary,female}",10,1_2_per_week,"{4,3,6}","{evening,afternoon}","{public_free,private_club}",2025-09-07T14:41:36.396Z,2025-09-07T14:41:36.396Z
b75560c2-af74-4fca-9f49-98aab62baa3e,339998b1-9535-4dd8-91aa-055ddee271a7,38,62,"{male,non_binary}",20,1_2_per_week,"{3,2,4,1,5}","{afternoon,morning,evening}","{home_court,paid_facility,private_club}",2025-09-07T14:41:36.396Z,2025-09-07T14:41:36.396Z
09877fb8-4994-4d32-bc58-9c41b192c9ec,5103893a-088a-43e4-8996-9dd519e2eeaa,46,65,"{male,female}",25,3_4_per_week,"{6,7,5,4,3}","{morning}","{paid_facility}",2025-09-07T14:41:36.396Z,2025-09-07T14:41:36.396Z
89ab18d9-676b-42fb-9aee-4afa7d2e9a93,3dcbfcf8-a073-4a84-bede-f72977559f6c,40,59,"{female}",15,1_2_per_week,"{1,2,7,5,4}","{evening}","{private_club,paid_facility,public_free}",2025-09-07T14:41:36.396Z,2025-09-07T14:41:36.396Z
600b4415-e6a2-4b24-8742-954fecbf4376,3494e8ca-a5c3-4332-9d71-c8c60a9eb746,49,65,"{female,prefer_not_to_say}",5,3_4_per_week,"{4,7,5}","{morning}","{home_court,paid_facility}",2025-09-07T14:41:36.396Z,2025-09-07T14:41:36.396Z
73c2c148-3493-4c91-8ce6-9271264496d0,d4a3b18a-b55d-4122-940f-b5227335ceac,31,46,"{female}",20,daily,"{2,1,7,6}","{afternoon}","{home_court}",2025-09-07T14:41:36.396Z,2025-09-07T14:41:36.396Z
0d532290-6bf7-43f9-9e9b-bc91b9616f7f,a3860408-5891-414d-8bff-c73fe00fbab1,18,34,"{male,prefer_not_to_say}",20,flexible,"{6,5}","{morning}","{home_court,private_club}",2025-09-07T14:41:36.396Z,2025-09-07T14:41:36.396Z
b45b7a9a-62d4-4dec-8070-592b19a0a713,eac06d79-cfe5-42f0-a9c4-793c9e8e7022,27,43,"{prefer_not_to_say}",25,1_2_per_week,"{4,6,7,3}","{afternoon}","{home_court,paid_facility}",2025-09-07T14:41:36.396Z,2025-09-07T14:41:36.396Z
ae6f2f50-50d5-42a2-b7a4-09b8b870679d,67a46a94-0deb-4e8d-ad32-f8d9239621fc,18,40,"{non_binary}",5,flexible,"{1,7,2}","{evening,afternoon,morning}","{home_court,public_free}",2025-09-07T14:41:36.396Z,2025-09-07T14:41:36.396Z
df946d4d-e051-4256-b96a-bfc49b1746d5,6f3db5fa-962d-4657-9e1c-48e233732737,51,65,"{non_binary,female}",5,1_2_per_week,"{6,5}","{morning,afternoon}","{public_free,private_club,paid_facility}",2025-09-07T14:41:36.397Z,2025-09-07T14:41:36.397Z
0429796d-f1f4-4867-b5df-38017c124523,0defd613-9d85-4604-ac23-1a07ab94146a,40,63,"{male,prefer_not_to_say}",5,1_2_per_week,"{5,4}","{evening,afternoon,morning}","{paid_facility}",2025-09-07T14:41:36.397Z,2025-09-07T14:41:36.397Z
5a93e06b-18ff-46de-8ac2-37066e535b9d,93da4b02-09b0-43bd-a802-f506ef36539d,42,59,"{prefer_not_to_say}",10,1_2_per_week,"{1,5,6,7}","{afternoon,evening,morning}","{public_free,private_club,home_court}",2025-09-07T14:41:36.397Z,2025-09-07T14:41:36.397Z
08b1f53d-3629-4e59-aa29-8d6b75c200af,6c787f71-1259-4024-952d-6dbf6fa3c57f,52,65,"{prefer_not_to_say}",25,daily,"{2,1,6,5,3}","{morning,afternoon,evening}","{home_court,public_free,private_club}",2025-09-07T14:41:36.397Z,2025-09-07T14:41:36.397Z
171b311d-49b0-4091-976f-871cb2e460a5,f41a7eba-c10d-48b5-ae0c-9344fbd54b4b,42,60,"{prefer_not_to_say}",20,1_2_per_week,"{5,4,6,2}","{evening,afternoon,morning}","{public_free,private_club,home_court}",2025-09-07T14:41:36.397Z,2025-09-07T14:41:36.397Z
42ba3480-c95c-4fc4-b0ec-733909350364,fca8f1d5-539c-45a7-afdd-117811bab8b0,56,65,"{male,female}",15,daily,"{7,1}","{morning,afternoon,evening}","{paid_facility}",2025-09-07T14:41:36.397Z,2025-09-07T14:41:36.397Z
d85e86f4-7ecd-41c5-955f-a1e2b78471e9,1abaf51d-a362-4423-b374-d1b2895a7277,35,54,"{non_binary,male}",25,1_2_per_week,"{3,5,1}","{morning,afternoon}","{home_court}",2025-09-07T14:41:36.397Z,2025-09-07T14:41:36.397Z
a5e9d0f4-0fb3-4ebc-922b-1069fd40efaf,2a3ff715-f09f-4223-9eea-3958ef3e63e1,18,31,"{prefer_not_to_say,non_binary}",25,daily,"{1,4}","{evening}","{home_court,paid_facility}",2025-09-07T14:41:36.397Z,2025-09-07T14:41:36.397Z
07262def-ce1d-42c7-8ae4-70a1120de91b,a84edb81-2c08-4261-805d-07c8e26978c2,31,52,"{female}",25,flexible,"{1,2,3,6}","{evening}","{private_club,public_free,home_court}",2025-09-07T14:41:36.397Z,2025-09-07T14:41:36.397Z
5ada0116-e90c-45ad-b551-8032f0182814,3d334e88-ee5a-4142-b59e-16be4468e72d,45,65,"{prefer_not_to_say,non_binary}",30,3_4_per_week,"{1,5}","{evening,afternoon,morning}","{paid_facility,private_club}",2025-09-07T14:41:36.397Z,2025-09-07T14:41:36.397Z
3838db44-9e90-4db6-ae33-b2f1ebda0167,41c39cbf-c783-44b0-900a-a0226ae8ae9c,43,65,"{male}",25,1_2_per_week,"{1,4,2,5,6}","{morning,afternoon}","{paid_facility,private_club}",2025-09-07T14:41:36.397Z,2025-09-07T14:41:36.397Z
736b1bcd-437c-4d98-89a7-1f77dc0d1248,dd10cb20-3ce8-4ddb-b0c6-77a511cff888,35,48,"{prefer_not_to_say,male}",15,daily,"{4,1,5,2}","{morning,evening,afternoon}","{paid_facility,private_club,public_free}",2025-09-07T14:41:36.397Z,2025-09-07T14:41:36.397Z
f632e839-32b7-4bae-88ac-1fa5e5f4ab3e,8aa625c4-b078-4857-9442-664271ac736b,18,33,"{male}",15,3_4_per_week,"{5,7}","{evening,afternoon,morning}","{paid_facility,private_club,home_court}",2025-09-07T14:41:36.397Z,2025-09-07T14:41:36.397Z
d7c3d4c0-0798-4bc0-81bb-e8fdf3bc0c33,be2f8add-df94-427c-9a80-069718e8190d,18,34,"{male}",25,3_4_per_week,"{6,1}","{evening}","{paid_facility,private_club,home_court}",2025-09-07T14:41:36.397Z,2025-09-07T14:41:36.397Z
c185f754-50a1-4e5e-9e21-77a4d74db2bc,763a50be-1f56-427b-8ccc-1c755eb34d33,18,38,"{male,prefer_not_to_say}",30,1_2_per_week,"{6,1,4,7,5}","{evening}","{home_court}",2025-09-07T14:41:36.397Z,2025-09-07T14:41:36.397Z
b872864f-3180-4557-affc-93eaa29fff79,c7852214-9c18-44fc-ba6e-2dd307aafe6c,42,63,"{male,female}",5,flexible,"{4,6,3}","{afternoon,morning}","{home_court}",2025-09-07T14:41:36.397Z,2025-09-07T14:41:36.397Z
d1deb205-05c5-4ad7-8a39-89659074f27e,1db65315-5d2c-48a3-a434-244135608b80,40,63,"{non_binary,prefer_not_to_say}",10,flexible,"{1,4,2}","{morning}","{home_court,private_club,public_free}",2025-09-07T14:41:36.397Z,2025-09-07T14:41:36.397Z
d571a688-560b-4737-83bb-ecbed4420c35,1df3f7ea-8ecf-4687-96a0-91816b04f137,57,65,"{non_binary}",15,3_4_per_week,"{4,7,2,5}","{afternoon,morning}","{home_court,paid_facility,private_club}",2025-09-07T14:41:36.397Z,2025-09-07T14:41:36.397Z
22923fd4-1dc6-4e2e-a5d0-5d5e655559a7,2998edb1-cea2-4c95-acf0-72f03231d4a7,33,52,"{male,female}",10,flexible,"{7,5,4,6}","{evening,afternoon}","{private_club,public_free}",2025-09-07T14:41:36.397Z,2025-09-07T14:41:36.397Z
065f7b2d-94ac-43a0-81a7-0d84e3e5482b,19104505-3faf-4c56-9d83-84cef82ec299,34,54,"{female,prefer_not_to_say}",15,daily,"{2,6,7,4}","{evening}","{home_court,paid_facility}",2025-09-07T14:41:36.397Z,2025-09-07T14:41:36.397Z
5cffcb6c-a167-4a50-96ff-3ad3c3dba240,b5c922b7-0eca-46c5-a102-47433bf74ceb,24,47,"{male,prefer_not_to_say}",30,1_2_per_week,"{5,6,4,7,3}","{morning}","{private_club}",2025-09-07T14:41:36.397Z,2025-09-07T14:41:36.397Z
e3319b3d-3e1f-4e78-b277-12202e8733bc,e971ebe9-663e-41c3-bad5-20af87e29628,41,62,"{non_binary,male}",5,3_4_per_week,"{1,2,3}","{morning,afternoon,evening}","{home_court,paid_facility,private_club}",2025-09-07T14:41:36.398Z,2025-09-07T14:41:36.398Z
2d543df5-87f6-485b-ace4-2d061f830584,415e3d47-ce73-443c-a54d-d6de56bd8f0b,41,65,"{male}",5,flexible,"{3,4,6}","{evening}","{public_free}",2025-09-07T14:41:36.398Z,2025-09-07T14:41:36.398Z
0287d40d-5c82-479f-96c3-f176b301a873,f189a0d1-e57a-48a9-a023-967b6c91b058,37,57,"{prefer_not_to_say}",30,1_2_per_week,"{4,1,6}","{morning,afternoon,evening}","{paid_facility}",2025-09-07T14:41:36.398Z,2025-09-07T14:41:36.398Z
f548b21d-7109-4057-9249-65115e0a8502,feba67ab-29b8-4674-a407-e056ef900ad8,18,34,"{female}",5,daily,"{3,7,4,6}","{morning,afternoon,evening}","{public_free,private_club}",2025-09-07T14:41:36.398Z,2025-09-07T14:41:36.398Z
f0e73f27-328b-41bf-aabd-d8b318e6c371,d4944294-2639-4621-9782-6b8ee097e0bb,25,42,"{prefer_not_to_say,non_binary}",15,3_4_per_week,"{2,4,1,6,3}","{morning,afternoon}","{public_free,private_club}",2025-09-07T14:41:36.398Z,2025-09-07T14:41:36.398Z
b35f81a4-f887-4a18-8f61-1cbf3df90eae,872521fd-79c6-43cc-8bec-59f6bf82702c,18,28,"{male,female}",20,3_4_per_week,"{7,1,4,5,6}","{morning}","{public_free}",2025-09-07T14:41:36.398Z,2025-09-07T14:41:36.398Z
d32513b7-295f-492c-bb78-40a3595179cb,5bce8db2-e376-47ce-a056-effd87833d02,18,25,"{male}",30,3_4_per_week,"{5,7,2,3}","{morning}","{paid_facility,home_court}",2025-09-07T14:41:36.398Z,2025-09-07T14:41:36.398Z
87e7a30b-0ecf-4c3d-ac21-41cc3e18a5de,e686fac9-a567-47f5-8f9e-b8a0746cf1db,18,26,"{male,female}",5,1_2_per_week,"{1,4,7,5}","{evening,afternoon,morning}","{public_free,private_club,paid_facility}",2025-09-07T14:41:36.398Z,2025-09-07T14:41:36.398Z
d2316dc0-02cb-4f47-b39c-4b1d510be7f4,c21b67dc-6d13-4101-aa33-9968462d638c,18,23,"{female,male}",30,1_2_per_week,"{1,5}","{evening,afternoon,morning}","{public_free}",2025-09-07T14:41:36.398Z,2025-09-07T14:41:36.398Z
73921977-6505-4569-94e4-01d2f253b311,96cf185a-c68d-4965-8acf-8e866b147553,18,27,"{prefer_not_to_say,non_binary}",5,daily,"{1,6}","{evening,afternoon}","{home_court,paid_facility}",2025-09-07T14:41:36.398Z,2025-09-07T14:41:36.398Z
af4abfba-d076-49b1-b89c-66312e2bc4d7,e946755d-a846-4377-9740-afe2c61ccb07,18,29,"{female}",15,1_2_per_week,"{4,1,2,6}","{afternoon,morning,evening}","{public_free}",2025-09-07T14:41:36.398Z,2025-09-07T14:41:36.398Z
2c7a4f16-763e-4d30-af86-2a0f6d0db177,09991053-784b-439d-aba1-a4c636f6e54a,59,65,"{prefer_not_to_say}",30,1_2_per_week,"{2,1,6,7,4}","{afternoon}","{public_free}",2025-09-07T14:41:36.398Z,2025-09-07T14:41:36.398Z
624127a1-641f-4f8e-b4aa-dee89be16001,e720bde0-fd77-409c-89e6-dd57f9e91d85,18,32,"{female}",10,3_4_per_week,"{4,1,6,2,3}","{afternoon,evening,morning}","{public_free}",2025-09-07T14:41:36.398Z,2025-09-07T14:41:36.398Z
305e63bb-e7ff-4a7e-895f-2f43f111b83b,af9d3355-7833-432e-8ff0-331222164a5e,42,65,"{non_binary,female}",20,daily,"{7,1,2}","{morning}","{private_club,home_court}",2025-09-07T14:41:36.398Z,2025-09-07T14:41:36.398Z
a85bcba3-d8e5-4e89-be40-cc154c9cde31,336a3998-a3b6-4e98-a457-592762dfea90,18,37,"{male,female}",15,flexible,"{3,2,7,4}","{afternoon}","{public_free,private_club,home_court}",2025-09-07T14:41:36.398Z,2025-09-07T14:41:36.398Z
7c9b3f08-cbb0-4cf2-a279-f55587c245c1,9f2e4f79-df5d-4eba-8c9c-99d6077978a3,18,39,"{male}",5,daily,"{1,2}","{morning}","{public_free,private_club,paid_facility}",2025-09-07T14:41:36.398Z,2025-09-07T14:41:36.398Z
4dea5d8b-9666-422f-9453-8f0c071875a7,4c72102d-358b-49df-9027-53b2221e7389,29,51,"{female,male}",20,1_2_per_week,"{3,2,5,1,7}","{morning,evening}","{public_free}",2025-09-07T14:41:36.398Z,2025-09-07T14:41:36.398Z
33d6c5c6-5193-49ff-9fd8-701b5601a663,f0e8d7ee-e7bc-49d9-8c97-e639876dbcb2,40,56,"{female}",20,1_2_per_week,"{5,1,6,2,3}","{morning,afternoon}","{home_court,paid_facility}",2025-09-07T14:41:36.398Z,2025-09-07T14:41:36.398Z
13c71d14-014e-4893-a748-781379cef62c,bada287b-87f0-4934-ae83-13327c752088,18,43,"{prefer_not_to_say}",15,flexible,"{4,1,2,3}","{afternoon,morning}","{public_free}",2025-09-07T14:41:36.398Z,2025-09-07T14:41:36.398Z
02f1b53a-3c20-4ac2-b277-e0fe09301b92,2128f129-7c42-4efc-91a1-a8443b173e40,55,65,"{prefer_not_to_say,non_binary}",15,3_4_per_week,"{3,5}","{morning,afternoon}","{home_court}",2025-09-07T14:41:36.399Z,2025-09-07T14:41:36.399Z
36baa3a3-f351-48e6-a5e7-ac45c96f4834,58d28536-7d6e-4f65-833e-f238e78a80ac,20,41,"{non_binary}",25,1_2_per_week,"{3,4,6}","{morning,afternoon}","{paid_facility}",2025-09-07T14:41:36.399Z,2025-09-07T14:41:36.399Z
b8d741ea-5292-4cf0-a512-ae12e0003303,7e6688b7-b832-49b0-96b1-a8bbee4d3473,54,65,"{non_binary}",20,3_4_per_week,"{7,6}","{afternoon}","{public_free}",2025-09-07T14:41:36.399Z,2025-09-07T14:41:36.399Z
bb211077-de32-4738-b49d-169a1020ee87,88af2a91-f6db-44fb-b616-a9b466559b75,50,65,"{prefer_not_to_say}",5,flexible,"{7,4,2,6}","{evening,afternoon}","{home_court}",2025-09-07T14:41:36.399Z,2025-09-07T14:41:36.399Z
72388189-885c-435a-b650-d5d0f4093b24,a692af3e-6924-4a5a-a6eb-c5426ea66f70,46,61,"{male}",30,flexible,"{2,7,1}","{morning}","{home_court}",2025-09-07T14:41:36.399Z,2025-09-07T14:41:36.399Z
60061b0f-1a4f-4e29-899f-2917ce70e5c2,954ee5c5-949c-49d9-8f39-9248ac94f342,22,43,"{male}",25,3_4_per_week,"{1,2,6,3,4}","{evening,morning}","{public_free}",2025-09-07T14:41:36.399Z,2025-09-07T14:41:36.399Z
4ca5a15b-39d0-4f07-87cd-b96827dc26c2,6e743fd6-f198-4908-9065-117fd7820518,25,40,"{female}",25,1_2_per_week,"{1,5,4,3}","{morning,afternoon,evening}","{private_club,home_court,public_free}",2025-09-07T14:41:36.399Z,2025-09-07T14:41:36.399Z
c51d3031-b2ba-4af5-8190-e5450416905a,5775f4f9-b7af-4a52-bb06-9d1cb2cb2eed,37,63,"{prefer_not_to_say}",5,daily,"{1,2,5}","{evening}","{private_club,home_court,paid_facility}",2025-09-07T14:41:36.399Z,2025-09-07T14:41:36.399Z
60f09c4d-15d3-43f1-88b3-de2f0b3b4f40,23d4e7fb-b0d1-43a4-a4c2-641023782dfb,57,65,"{male}",20,1_2_per_week,"{7,6,5,4,3}","{afternoon,evening,morning}","{private_club,paid_facility}",2025-09-07T14:41:36.399Z,2025-09-07T14:41:36.399Z
1196b722-8f39-460f-a542-f382ee0710c2,d04506ec-b57a-43b6-8e9d-52dd8ee6532d,22,47,"{non_binary,male}",5,1_2_per_week,"{3,2}","{evening}","{public_free}",2025-09-07T14:41:36.399Z,2025-09-07T14:41:36.399Z